{
  "name": "My workflow",
  "nodes": [
    {
      "parameters": {
        "httpMethod": "POST",
        "path": "recibir-dni",
        "responseMode": "responseNode",
        "options": {}
      },
      "type": "n8n-nodes-base.webhook",
      "typeVersion": 2.1,
      "position": [
        64,
        -128
      ],
      "id": "6ddfcade-d77c-4d53-9862-b7cfdf6874b6",
      "name": "Webhook",
      "webhookId": "2a5abd03-f1b6-4bb4-b62c-801c6c36c5ed"
    },
    {
      "parameters": {
        "rules": {
          "values": [
            {
              "conditions": {
                "options": {
                  "caseSensitive": true,
                  "leftValue": "",
                  "typeValidation": "strict",
                  "version": 3
                },
                "conditions": [
                  {
                    "leftValue": "={{ $json.fraud_risk_level }}",
                    "rightValue": "LOW",
                    "operator": {
                      "type": "string",
                      "operation": "equals"
                    },
                    "id": "fc969856-8df8-4634-9305-d82efc8a8836"
                  }
                ],
                "combinator": "and"
              },
              "renameOutput": true,
              "outputKey": "BAJO RIESGO"
            },
            {
              "conditions": {
                "options": {
                  "caseSensitive": true,
                  "leftValue": "",
                  "typeValidation": "strict",
                  "version": 3
                },
                "conditions": [
                  {
                    "id": "315fa9dd-1d66-4dd0-83f5-309ed338224f",
                    "leftValue": "={{ $json.fraud_risk_level }}",
                    "rightValue": "MEDIUM",
                    "operator": {
                      "type": "string",
                      "operation": "equals"
                    }
                  }
                ],
                "combinator": "and"
              },
              "renameOutput": true,
              "outputKey": "RIESGO MEDIANO"
            },
            {
              "conditions": {
                "options": {
                  "caseSensitive": true,
                  "leftValue": "",
                  "typeValidation": "strict",
                  "version": 3
                },
                "conditions": [
                  {
                    "id": "e51ae6d1-c171-4805-bd00-d8cf92a85612",
                    "leftValue": "={{ $json.fraud_risk_level }}",
                    "rightValue": "HIGH",
                    "operator": {
                      "type": "string",
                      "operation": "equals"
                    }
                  }
                ],
                "combinator": "and"
              },
              "renameOutput": true,
              "outputKey": "RIESGO ALTO"
            }
          ]
        },
        "options": {}
      },
      "type": "n8n-nodes-base.switch",
      "typeVersion": 3.4,
      "position": [
        736,
        -144
      ],
      "id": "44c959e7-9a43-468e-be17-063be43805b7",
      "name": "Switch"
    },
    {
      "parameters": {
        "operation": "append",
        "documentId": {
          "__rl": true,
          "value": "1N9bFLbBRW8CtSd05yuhh0zaWwIcCtTGBDQwYIHeYYSM",
          "mode": "list",
          "cachedResultName": "HealthGuard - Registro de Admisiones",
          "cachedResultUrl": "https://docs.google.com/spreadsheets/d/1N9bFLbBRW8CtSd05yuhh0zaWwIcCtTGBDQwYIHeYYSM/edit?usp=drivesdk"
        },
        "sheetName": {
          "__rl": true,
          "value": "gid=0",
          "mode": "list",
          "cachedResultName": "Sheet1",
          "cachedResultUrl": "https://docs.google.com/spreadsheets/d/1N9bFLbBRW8CtSd05yuhh0zaWwIcCtTGBDQwYIHeYYSM/edit#gid=0"
        },
        "columns": {
          "mappingMode": "defineBelow",
          "value": {
            "Nivel de Riesgo": "={{ $('HTTP Request').item.json.fraud_risk_level }}",
            "DNI del Paciente": "={{ $('HTTP Request').item.json.ocr.document_number }}",
            "Fecha y Hora": "={{ $now }}"
          },
          "matchingColumns": [
            "Fecha y Hora"
          ],
          "schema": [
            {
              "id": "Fecha y Hora",
              "displayName": "Fecha y Hora",
              "required": false,
              "defaultMatch": false,
              "display": true,
              "type": "string",
              "canBeUsedToMatch": true,
              "removed": false
            },
            {
              "id": "Nivel de Riesgo",
              "displayName": "Nivel de Riesgo",
              "required": false,
              "defaultMatch": false,
              "display": true,
              "type": "string",
              "canBeUsedToMatch": true
            },
            {
              "id": "DNI del Paciente",
              "displayName": "DNI del Paciente",
              "required": false,
              "defaultMatch": false,
              "display": true,
              "type": "string",
              "canBeUsedToMatch": true
            }
          ],
          "attemptToConvertTypes": false,
          "convertFieldsToString": false
        },
        "options": {}
      },
      "type": "n8n-nodes-base.googleSheets",
      "typeVersion": 4.7,
      "position": [
        960,
        -224
      ],
      "id": "4704c495-24b5-4728-8183-4bdf07b4edf1",
      "name": "Append row in sheet",
      "credentials": {
        "googleSheetsOAuth2Api": {
          "id": "UIuYBBIvhEwLORHU",
          "name": "Google Sheets account"
        }
      }
    },
    {
      "parameters": {
        "sendTo": "mariavdrt@gmail.com",
        "subject": "HealthGuard: Paciente pendiente de aprobación manual",
        "message": "=<h2>REVISIÓN DE IDENTIDAD PENDIENTE</h2>\n<p>Se ha detectado un DNI con riesgo <b>MEDIO</b>.</p>\n<p><b>DNI:</b> {{ $json.mrz.fields.document_number }}</p>\n<br>\n<a href=\"{{ $execution.resumeUrl }}\" style=\"background-color: #2ecc71; color: white; padding: 10px 20px; text-decoration: none; border-radius: 5px;\">✅ APROBAR Y ENVIAR MEET</a>",
        "options": {}
      },
      "type": "n8n-nodes-base.gmail",
      "typeVersion": 2.2,
      "position": [
        960,
        -32
      ],
      "id": "3e990bed-1798-4970-b603-b51d89075f7b",
      "name": "Send a message",
      "webhookId": "6cc0e52b-8a41-494a-a9f1-78b6cbc8ec54",
      "credentials": {
        "gmailOAuth2": {
          "id": "C9uy9rjDTwooG6m2",
          "name": "Gmail account"
        }
      }
    },
    {
      "parameters": {
        "sendTo": "mariavdrt@gmail.com",
        "subject": "Tu acceso a HealthGuard ha sido aprobado",
        "message": "<div style=\"font-family: Arial, sans-serif; border: 1px solid #eee; padding: 25px; border-radius: 12px; max-width: 500px;\">   <h2 style=\"color: #2e7d32;\">¡Identidad Validada!</h2>   <p>Hola,</p>   <p>Te informamos que tu documentación ha sido revisada y <strong>aprobada con éxito</strong> por nuestro equipo médico.</p>   <p>Ya puedes acceder a tu consulta de telemedicina a través del siguiente enlace:</p>      <div style=\"text-align: center; margin: 35px 0;\">     <a href=\"https://meet.google.com/tu-codigo-aqui\" style=\"background-color: #3498db; color: white; padding: 18px 30px; text-decoration: none; border-radius: 8px; font-weight: bold; font-size: 18px; box-shadow: 0 4px 6px rgba(0,0,0,0.1);\">       🏥 ENTRAR A LA CONSULTA     </a>   </div>      <p style=\"font-size: 0.85em; color: #7f8c8d; line-height: 1.5;\">     <i>Nota: Este enlace es personal e intransferible. Por favor, asegúrate de tener una buena conexión a internet antes de entrar.</i>   </p> </div>",
        "options": {}
      },
      "type": "n8n-nodes-base.gmail",
      "typeVersion": 2.2,
      "position": [
        1408,
        -32
      ],
      "id": "7380485f-d0e4-4e87-8b66-bf50b7af71d0",
      "name": "Send a message1",
      "webhookId": "9227615e-5e75-4e53-b03c-00b0cdd263e2",
      "credentials": {
        "gmailOAuth2": {
          "id": "C9uy9rjDTwooG6m2",
          "name": "Gmail account"
        }
      }
    },
    {
      "parameters": {
        "method": "POST",
        "url": "http://host.docker.internal:8000/api/v1/fraud/analyze",
        "sendBody": true,
        "bodyParameters": {
          "parameters": [
            {
              "name": "front_image_base64",
              "value": "={{ $json.body.front_image }}"
            },
            {
              "name": "back_image_base64",
              "value": "={{ $json.body.back_image }}"
            },
            {
              "name": "selfie_image_base64",
              "value": "={{ $json.body.selfie_image }}"
            }
          ]
        },
        "options": {}
      },
      "type": "n8n-nodes-base.httpRequest",
      "typeVersion": 4.4,
      "position": [
        288,
        -128
      ],
      "id": "ad80cb89-1eb5-4a10-8cda-353e5ae9823a",
      "name": "HTTP Request"
    },
    {
      "parameters": {
        "options": {}
      },
      "type": "n8n-nodes-base.respondToWebhook",
      "typeVersion": 1.5,
      "position": [
        512,
        -128
      ],
      "id": "44bd67c3-6f52-48a1-9dc0-d856545ef514",
      "name": "Respond to Webhook"
    },
    {
      "parameters": {
        "resume": "webhook",
        "options": {}
      },
      "type": "n8n-nodes-base.wait",
      "typeVersion": 1.1,
      "position": [
        1184,
        -32
      ],
      "id": "b9062fdb-14f6-45e1-a559-c31c0728b9f2",
      "name": "Wait",
      "webhookId": "adc22d38-3ca6-4bbf-b289-30a442d9dd20"
    }
  ],
  "pinData": {},
  "connections": {
    "Webhook": {
      "main": [
        [
          {
            "node": "HTTP Request",
            "type": "main",
            "index": 0
          }
        ]
      ]
    },
    "Switch": {
      "main": [
        [
          {
            "node": "Append row in sheet",
            "type": "main",
            "index": 0
          }
        ],
        [
          {
            "node": "Send a message",
            "type": "main",
            "index": 0
          }
        ]
      ]
    },
    "HTTP Request": {
      "main": [
        [
          {
            "node": "Respond to Webhook",
            "type": "main",
            "index": 0
          }
        ]
      ]
    },
    "Respond to Webhook": {
      "main": [
        [
          {
            "node": "Switch",
            "type": "main",
            "index": 0
          }
        ]
      ]
    },
    "Send a message": {
      "main": [
        [
          {
            "node": "Wait",
            "type": "main",
            "index": 0
          }
        ]
      ]
    },
    "Wait": {
      "main": [
        [
          {
            "node": "Send a message1",
            "type": "main",
            "index": 0
          }
        ]
      ]
    }
  },
  "active": false,
  "settings": {
    "executionOrder": "v1",
    "binaryMode": "separate",
    "availableInMCP": false
  },
  "versionId": "e52585c0-c4b8-4d4e-ba69-329750e21eb5",
  "meta": {
    "templateCredsSetupCompleted": true,
    "instanceId": "558d88703fb65b2d0e44613bc35916258b0f0bf983c5d4730c00c424b77ca36a"
  },
  "id": "MZrzDSzoq9ugr6oU",
  "tags": []
}